Irradiance,Temperature,V_OC,I_SC,P_MP,V_MP,I_MP,V_1,I_1,V_2,I_2,D
1000,50,66.052,9,442.26,53.74,8.2297,49.936,8.6,57.346,7.4,0.611418462
1000,49,66.29,9,444.54,53.96,8.2383,48.526,8.7,57.576,7.4,0.609827692
1000,48,66.53,9,446.82,54.304,8.228,50.532,8.6,57.874,7.4,0.607340308
1000,47,66.768,9,449.1,54.444,8.249,48.996,8.7,58.062,7.4,0.606328
1000,46,67.008,9,451.4,54.706,8.2513,49.602,8.7,58.316,7.4,0.604433538
1000,45,67.242,9,453.68,54.968,8.2535,49.872,8.7,58.674,7.4,0.602539077
1000,44,67.484,9,455.96,55.106,8.2742,49.94,8.7,58.864,7.4,0.601541231
1000,43,67.722,9,458.26,55.452,8.2641,50.344,8.7,59.16,7.4,0.599039385
1000,42,67.958,9,460.54,55.652,8.2755,50.512,8.7,59.382,7.4,0.597593231
1000,41,68.198,9,462.84,56.018,8.2622,50.95,8.7,59.688,7.4,0.594946769
1000,40,68.432,9,465.14,56.158,8.2828,51.352,8.7,59.664,7.5,0.593934462
1000,39,68.674,9,467.44,56.42,8.2849,51.422,8.7,59.918,7.5,0.59204
1000,38,68.91,9,469.72,56.724,8.2809,51.956,8.7,60.194,7.5,0.589841846
1000,37,69.15,9,472.02,56.904,8.2951,52.094,8.7,60.404,7.5,0.588540308
1000,36,69.384,9,474.32,57.208,8.2911,52.43,8.7,60.68,7.5,0.586342154
1000,35,69.62,9,476.62,57.472,8.2931,52.7,8.7,60.934,7.5,0.584433231
1000,34,69.86,9,478.92,57.672,8.3042,52.87,8.7,61.264,7.5,0.582987077
1000,33,70.1,9,481.24,57.832,8.3212,53.304,8.7,61.464,7.5,0.581830154
1000,32,70.334,9,483.52,58.178,8.3112,53.704,8.7,61.762,7.5,0.579328308
1000,31,70.574,9,485.84,58.296,8.334,51.282,8.8,62.046,7.5,0.578475077
1000,30,70.804,9,488.14,58.664,8.3211,54.178,8.7,62.248,7.5,0.575814154
1000,29,71.044,9,490.46,58.928,8.3231,54.448,8.7,62.502,7.5,0.573905231
1000,28,71.278,9,492.76,59.066,8.3427,52.428,8.8,62.798,7.5,0.572907385
1000,27,71.518,9,495.08,59.288,8.3505,52.626,8.8,63.032,7.5,0.571302154
1000,26,71.752,9,497.4,59.636,8.3406,53.044,8.8,63.328,7.5,0.568785846
1000,25,71.988,9,499.72,59.816,8.3542,53.168,8.8,63.642,7.5,0.567484308
1000,24,72.226,9,502.04,60.122,8.3502,53.512,8.8,63.916,7.5,0.565271692
1000,23,72.464,9,504.34,60.386,8.3521,53.784,8.8,64.17,7.5,0.563362769
1000,22,72.696,9,506.66,60.608,8.3597,53.982,8.8,64.404,7.5,0.561757538
1000,21,72.934,9,508.98,60.746,8.3788,54.4,8.8,64.698,7.5,0.560759692
1000,20,73.17,9,511.3,61.094,8.3691,54.816,8.8,64.892,7.5,0.558243385
950,50,65.794,8.55,418.14,53.518,7.8129,49.068,8.2,57.088,7,0.613023692
950,49,66.034,8.55,420.32,53.658,7.8332,49.448,8.2,57.378,7,0.612011385
950,48,66.274,8.55,422.48,53.992,7.8249,49.826,8.2,57.67,7,0.609596308
950,47,66.512,8.55,424.66,54.248,7.828,50.086,8.2,57.92,7,0.607745231
950,46,66.754,8.55,426.84,54.466,7.8368,50.286,8.2,57.838,7.1,0.606168923
950,45,66.992,8.55,429,54.8,7.8285,50.664,8.2,58.442,7,0.603753846
950,44,67.232,8.55,431.2,54.94,7.8485,51.04,8.2,58.426,7.1,0.602741538
950,43,67.47,8.55,433.38,55.196,7.8515,51.3,8.2,58.676,7.1,0.600890462
950,42,67.708,8.55,435.56,55.414,7.8601,49.618,8.3,58.906,7.1,0.599314154
950,41,67.946,8.55,437.72,55.748,7.8519,51.878,8.2,59.2,7.1,0.596899077
950,40,68.188,8.55,439.92,55.888,7.8715,50.07,8.3,59.492,7.1,0.595886769
950,39,68.422,8.55,442.12,56.224,7.8634,50.464,8.3,59.682,7.1,0.593457231
950,38,68.662,8.55,444.3,56.362,7.8828,50.854,8.3,59.974,7.1,0.592459385
950,37,68.9,8.55,446.48,56.62,7.8857,51.114,8.3,60.226,7.1,0.590593846
950,36,69.138,8.55,448.68,56.956,7.8776,51.176,8.3,60.518,7.1,0.588164308
950,35,69.374,8.55,450.86,57.174,7.8859,51.7,8.3,60.748,7.1,0.586588
950,34,69.612,8.55,453.06,57.312,7.905,51.762,8.3,61.04,7.1,0.585590154
950,33,69.85,8.55,455.26,57.57,7.9078,52.35,8.3,61.292,7.1,0.583724615
950,32,70.088,8.55,457.44,57.826,7.9106,52.61,8.3,61.544,7.1,0.581873538
950,31,70.328,8.55,459.64,58.242,7.8918,52.806,8.3,61.874,7.1,0.578865538
950,30,70.566,8.55,461.84,58.382,7.9108,53.196,8.3,62.164,7.1,0.577853231
950,29,70.802,8.55,464.04,58.6,7.9188,53.39,8.3,62.396,7.1,0.576276923
950,28,71.042,8.55,466.24,58.936,7.9109,53.78,8.3,62.686,7.1,0.573847385
950,27,71.28,8.55,468.44,59.194,7.9136,54.04,8.3,62.938,7.1,0.571981846
950,26,71.514,8.55,470.64,59.334,7.9322,54.106,8.3,63.13,7.1,0.570969538
950,25,71.75,8.55,472.86,59.552,7.9402,54.626,8.3,63.46,7.1,0.569393231
950,24,71.986,8.55,475.04,59.868,7.9349,54.982,8.3,63.74,7.1,0.567108308
950,23,72.228,8.55,477.26,60.008,7.9533,51.91,8.4,63.636,7.2,0.566096
950,22,72.462,8.55,479.46,60.206,7.9637,52.43,8.4,63.856,7.2,0.564664308
950,21,72.702,8.55,481.68,60.484,7.9636,52.726,8.4,64.12,7.2,0.562654154
950,20,72.934,8.55,483.88,60.842,7.9532,52.802,8.4,64.422,7.2,0.560065538
900,50,65.524,8.1,394.12,53.27,7.3986,48.236,7.8,56.598,6.7,0.614816923
900,49,65.76,8.1,396.18,53.594,7.3922,48.604,7.8,56.886,6.7,0.612474154
900,48,66,8.1,398.24,53.734,7.4115,48.972,7.8,57.174,6.7,0.611461846
900,47,66.244,8.1,400.32,54.058,7.4052,49.044,7.8,57.362,6.7,0.609119077
900,46,66.482,8.1,402.38,54.198,7.4243,49.412,7.8,57.65,6.7,0.608106769
900,45,66.722,8.1,404.44,54.522,7.418,49.778,7.8,57.938,6.7,0.605764
900,44,66.96,8.1,406.52,54.662,7.437,50.146,7.8,58.226,6.7,0.604751692
900,43,67.204,8.1,408.58,54.912,7.4407,50.396,7.8,58.474,6.7,0.602944
900,42,67.442,8.1,410.66,55.126,7.4494,50.586,7.8,58.704,6.7,0.601396615
900,41,67.684,8.1,412.72,55.488,7.4381,51.012,7.8,59.01,6.7,0.598779077
900,40,67.922,8.1,414.8,55.59,7.4618,51.32,7.8,59.278,6.7,0.598041538
900,39,68.16,8.1,416.88,55.916,7.4555,51.396,7.8,59.566,6.7,0.595684308
900,38,68.4,8.1,418.96,56.242,7.4492,51.762,7.8,59.852,6.7,0.593327077
900,37,68.638,8.1,421.04,56.306,7.4776,49.518,7.9,60.1,6.7,0.592864308
900,36,68.876,8.1,423.12,56.708,7.4615,52.494,7.8,60.33,6.7,0.589957538
900,35,69.116,8.1,425.2,56.958,7.4651,52.744,7.8,60.578,6.7,0.588149846
900,34,69.354,8.1,427.28,57.098,7.4833,50.462,7.9,60.864,6.7,0.587137538
900,33,69.592,8.1,429.36,57.312,7.4917,50.844,7.9,61.188,6.7,0.585590154
900,32,69.834,8.1,431.46,57.676,7.4807,51.288,7.9,61.4,6.7,0.582958154
900,31,70.072,8.1,433.54,57.964,7.4793,51.276,7.9,61.666,6.7,0.580875692
900,30,70.308,8.1,435.62,58.216,7.4828,51.852,7.9,61.916,6.7,0.579053538
900,29,70.55,8.1,437.7,58.43,7.4911,52.036,7.9,62.238,6.7,0.577506154
900,28,70.788,8.1,439.8,58.57,7.509,52.416,7.9,62.146,6.8,0.576493846
900,27,71.024,8.1,441.9,58.898,7.5028,52.47,7.9,62.434,6.8,0.574122154
900,26,71.264,8.1,444,59.15,7.5062,53.044,7.9,62.684,6.8,0.5723
900,25,71.502,8.1,446.08,59.364,7.5144,53.228,7.9,62.914,6.8,0.570752615
900,24,71.74,8.1,448.18,59.69,7.5083,53.608,7.9,63.202,6.8,0.568395385
900,23,71.978,8.1,450.26,59.942,7.5116,53.858,7.9,63.45,6.8,0.566573231
900,22,72.214,8.1,452.38,60.158,7.5197,54.042,7.9,63.68,6.8,0.565011385
900,21,72.452,8.1,454.48,60.298,7.5371,54.422,7.9,63.968,6.8,0.563999077
900,20,72.69,8.1,456.56,60.624,7.531,54.8,7.9,64.256,6.8,0.561641846
850,50,65.232,7.65,370.22,52.974,6.9887,49.074,7.3,56.37,6.3,0.616957231
850,49,65.476,7.65,372.18,53.184,6.9979,49.522,7.3,56.692,6.3,0.615438769
850,48,65.718,7.65,374.12,53.498,6.9933,49.608,7.3,56.974,6.3,0.613168308
850,47,65.958,7.65,376.08,53.638,7.0115,48.016,7.4,57.256,6.3,0.612156
850,46,66.2,7.65,378.06,53.954,7.0069,48.372,7.4,57.446,6.3,0.609871077
850,45,66.44,7.65,380,54.268,7.0023,48.728,7.4,57.728,6.3,0.607600615
850,44,66.682,7.65,381.96,54.408,7.0203,48.79,7.4,58.012,6.3,0.606588308
850,43,66.922,7.65,383.92,54.706,7.018,49.118,7.4,58.284,6.3,0.604433538
850,42,67.162,7.65,385.88,54.862,7.0336,49.504,7.4,58.576,6.3,0.603305538
850,41,67.402,7.65,387.84,55.178,7.029,49.858,7.4,58.858,6.3,0.601020615
850,40,67.642,7.65,389.82,55.424,7.0334,50.098,7.4,59.102,6.3,0.599241846
850,39,67.884,7.65,391.78,55.632,7.0422,50.28,7.4,59.33,6.3,0.597737846
850,38,68.124,7.65,393.74,55.948,7.0376,50.636,7.4,59.612,6.3,0.595452923
850,37,68.364,7.65,395.7,56.088,7.0551,50.99,7.4,59.894,6.3,0.594440615
850,36,68.602,7.65,397.68,56.404,7.0505,51.344,7.4,60.174,6.3,0.592155692
850,35,68.844,7.65,399.66,56.65,7.0548,51.584,7.4,60.42,6.3,0.590376923
850,34,69.084,7.65,401.62,56.86,7.0634,51.768,7.4,60.28,6.4,0.588858462
850,33,69.324,7.65,403.6,57.176,7.0588,52.122,7.4,60.566,6.4,0.586573538
850,32,69.562,7.65,405.56,57.316,7.076,52.476,7.4,60.85,6.4,0.585561231
850,31,69.8,7.65,407.54,57.562,7.0801,52.718,7.4,61.096,6.4,0.583782462
850,30,70.042,7.65,409.52,57.772,7.0885,53.184,7.4,61.416,6.4,0.582264
850,29,70.282,7.65,411.5,58.088,7.084,53.254,7.4,61.7,6.4,0.579979077
850,28,70.52,7.65,413.48,58.406,7.0795,53.608,7.4,61.89,6.4,0.577679692
850,27,70.758,7.65,415.46,58.652,7.0835,53.85,7.4,62.228,6.4,0.575900923
850,26,70.996,7.65,417.44,58.862,7.0919,54.316,7.4,62.458,6.4,0.574382462
850,25,71.238,7.65,419.42,59.038,7.1043,51.386,7.5,62.758,6.4,0.573109846
850,24,71.476,7.65,421.42,59.32,7.1041,51.688,7.5,63.022,6.4,0.571070769
850,23,71.712,7.65,423.4,59.566,7.108,51.926,7.5,63.268,6.4,0.569292
850,22,71.954,7.65,425.38,59.954,7.0951,55.448,7.4,63.498,6.4,0.566486462
850,21,72.19,7.65,427.36,60.022,7.1201,52.66,7.5,63.832,6.4,0.565994769
850,20,72.43,7.65,429.34,60.41,7.1072,52.832,7.5,64.062,6.4,0.563189231
800,50,64.93,7.2,346.44,52.646,6.5807,48.25,6.9,56.184,5.9,0.619328923
800,49,65.174,7.2,348.28,52.95,6.5777,48.582,6.9,56.462,5.9,0.617130769
800,48,65.414,7.2,350.12,53.254,6.5747,48.916,6.9,56.74,5.9,0.614932615
800,47,65.658,7.2,351.98,53.396,6.592,48.994,6.9,57.016,5.9,0.613905846
800,46,65.9,7.2,353.82,53.7,6.589,49.326,6.9,57.294,5.9,0.611707692
800,45,66.14,7.2,355.68,53.84,6.6061,49.66,6.9,57.57,5.9,0.610695385
800,44,66.384,7.2,357.54,54.146,6.6031,49.992,6.9,57.848,5.9,0.608482769
800,43,66.624,7.2,359.38,54.45,6.6,50.324,6.9,58.124,5.9,0.606284615
800,42,66.866,7.2,361.22,54.59,6.617,50.656,6.9,57.962,6,0.605272308
800,41,67.108,7.2,363.08,54.896,6.614,50.988,6.9,58.242,6,0.603059692
800,40,67.35,7.2,364.94,55.202,6.6109,51.07,6.9,58.87,5.9,0.600847077
800,39,67.59,7.2,366.8,55.342,6.6277,48.972,7,58.8,6,0.599834769
800,38,67.828,7.2,368.66,55.648,6.6247,49.316,7,59.08,6,0.597622154
800,37,68.072,7.2,370.5,55.952,6.6216,49.658,7,59.268,6,0.595424
800,36,68.312,7.2,372.36,56.094,6.6382,50,7,59.548,6,0.594397231
800,35,68.554,7.2,374.22,56.4,6.6352,50.342,7,59.826,6,0.592184615
800,34,68.794,7.2,376.08,56.704,6.6322,50.4,7,60.106,6,0.589986462
800,33,69.036,7.2,377.94,56.846,6.6486,50.742,7,60.384,6,0.588959692
800,32,69.272,7.2,379.8,57.152,6.6456,51.084,7,60.662,6,0.586747077
800,31,69.512,7.2,381.68,57.392,6.6503,51.312,7,60.906,6,0.585011692
800,30,69.752,7.2,383.54,57.532,6.6665,51.656,7,61.184,6,0.583999385
800,29,69.994,7.2,385.42,57.906,6.6558,52.11,7,61.496,6,0.581295077
800,28,70.238,7.2,387.28,58.046,6.6718,52.17,7,61.688,6,0.580282769
800,27,70.474,7.2,389.14,58.352,6.6688,52.512,7,61.966,6,0.578070154
800,26,70.716,7.2,391,58.592,6.6734,53.022,7,62.294,6,0.576334769
800,25,70.952,7.2,392.88,58.8,6.6817,53.196,7,62.522,6,0.574830769
800,24,71.192,7.2,394.76,59.106,6.6787,53.536,7,62.8,6,0.572618154
800,23,71.436,7.2,396.64,59.414,6.6757,53.878,7,63.076,6,0.570391077
800,22,71.674,7.2,398.5,59.554,6.6914,54.218,7,63.354,6,0.569378769
800,21,71.91,7.2,400.38,59.862,6.6884,54.28,7,63.63,6,0.567151692
800,20,72.15,7.2,402.24,60.168,6.6854,54.622,7,63.826,6,0.564939077
750,50,64.606,6.75,322.8,52.382,6.1625,47.12,6.5,55.988,5.5,0.621237846
750,49,64.846,6.75,324.54,52.676,6.1609,47.44,6.5,56.26,5.5,0.619112
750,48,65.09,6.75,326.26,52.97,6.1594,47.76,6.5,56.532,5.5,0.616986154
750,47,65.334,6.75,328,53.112,6.1757,48.08,6.5,56.39,5.6,0.615959385
750,46,65.578,6.75,329.74,53.406,6.1741,48.4,6.5,56.664,5.6,0.613833538
750,45,65.818,6.75,331.48,53.702,6.1725,48.72,6.5,56.938,5.6,0.611693231
750,44,66.064,6.75,333.22,53.78,6.1958,48.94,6.5,57.178,5.6,0.611129231
750,43,66.304,6.75,334.96,54.138,6.1871,49.11,6.5,57.486,5.6,0.608540615
750,42,66.55,6.75,336.7,54.278,6.2031,49.43,6.5,57.76,5.6,0.607528308
750,41,66.792,6.75,338.44,54.574,6.2015,49.75,6.5,58.034,5.6,0.605388
750,40,67.034,6.75,340.18,54.868,6.1999,50.07,6.5,58.306,5.6,0.603262154
750,39,67.276,6.75,341.92,55.164,6.1982,50.39,6.5,58.58,5.6,0.601121846
750,38,67.518,6.75,343.66,55.46,6.1966,50.71,6.5,58.854,5.6,0.598981538
750,37,67.758,6.75,345.42,55.694,6.202,50.93,6.5,59.094,5.6,0.597289538
750,36,67.998,6.75,347.16,55.896,6.2108,51.348,6.5,59.318,5.6,0.595828923
750,35,68.244,6.75,348.9,56.068,6.2229,51.668,6.5,59.608,5.6,0.594585231
750,34,68.482,6.75,350.66,56.334,6.2247,51.742,6.5,59.866,5.6,0.592661846
750,33,68.726,6.75,352.42,56.63,6.2231,52.062,6.5,60.138,5.6,0.590521538
750,32,68.966,6.75,354.16,56.77,6.2385,49.188,6.6,60.412,5.6,0.589509231
750,31,69.21,6.75,355.92,57.068,6.2368,52.7,6.5,60.686,5.6,0.587354462
750,30,69.452,6.75,357.68,57.364,6.2352,53.02,6.5,60.958,5.6,0.585214154
750,29,69.692,6.75,359.42,57.598,6.2403,50.06,6.6,61.278,5.6,0.583522154
750,28,69.93,6.75,361.18,57.8,6.2487,50.502,6.6,61.504,5.6,0.582061538
750,27,70.172,6.75,362.94,58.036,6.2538,50.716,6.6,61.746,5.6,0.580355077
750,26,70.412,6.75,364.7,58.394,6.2454,51.158,6.6,62.048,5.6,0.577766462
750,25,70.656,6.75,366.46,58.536,6.2605,51.202,6.6,62.322,5.6,0.576739692
750,24,70.894,6.75,368.22,58.832,6.2588,51.532,6.6,62.594,5.6,0.574599385
750,23,71.138,6.75,369.98,59.13,6.2571,51.86,6.6,62.866,5.6,0.572444615
750,22,71.38,6.75,371.74,59.27,6.272,52.188,6.6,63.138,5.6,0.571432308
750,21,71.62,6.75,373.5,59.568,6.2703,52.516,6.6,63.41,5.6,0.569277538
750,20,71.86,6.75,375.26,59.802,6.2752,52.732,6.6,63.652,5.6,0.567585538
700,50,64.256,6.3,299.3,52.044,5.7508,48.312,6,55.322,5.2,0.623681846
700,49,64.504,6.3,300.92,52.33,5.7505,48.398,6,55.59,5.2,0.621613846
700,48,64.744,6.3,302.54,52.614,5.7502,48.698,6,55.86,5.2,0.619560308
700,47,64.992,6.3,304.16,52.754,5.7655,46.684,6.1,56.128,5.2,0.618548
700,46,65.236,6.3,305.78,53.04,5.7652,46.99,6.1,56.398,5.2,0.61648
700,45,65.48,6.3,307.42,53.326,5.7649,47.296,6.1,56.666,5.2,0.614412
700,44,65.724,6.3,309.04,53.61,5.7646,47.354,6.1,56.936,5.2,0.612358462
700,43,65.966,6.3,310.68,53.752,5.7797,47.66,6.1,57.204,5.2,0.611331692
700,42,66.212,6.3,312.3,54.036,5.7794,47.966,6.1,57.472,5.2,0.609278154
700,41,66.454,6.3,313.92,54.322,5.779,48.274,6.1,57.742,5.2,0.607210154
700,40,66.694,6.3,315.56,54.55,5.7848,48.728,6.1,58.056,5.2,0.605561538
700,39,66.938,6.3,317.2,54.75,5.7936,48.886,6.1,58.354,5.2,0.604115385
700,38,67.18,6.3,318.84,55.036,5.7932,49.192,6.1,58.622,5.2,0.602047385
700,37,67.428,6.3,320.46,55.35,5.7897,49.546,6.1,58.83,5.2,0.599776923
700,36,67.668,6.3,322.1,55.462,5.8075,49.804,6.1,59.158,5.2,0.598967077
700,35,67.91,6.3,323.74,55.836,5.7981,50.11,6.1,59.398,5.2,0.596262769
700,34,68.156,6.3,325.38,56.034,5.8067,50.416,6.1,59.694,5.2,0.594831077
700,33,68.396,6.3,327.02,56.262,5.8123,50.868,6.1,59.934,5.2,0.593182462
700,32,68.638,6.3,328.66,56.462,5.8208,51.028,6.1,60.23,5.2,0.591736308
700,31,68.88,6.3,330.3,56.836,5.8114,51.478,6.1,60.47,5.2,0.589032
700,30,69.128,6.3,331.94,57.036,5.8199,51.64,6.1,60.766,5.2,0.587585846
700,29,69.366,6.3,333.58,57.322,5.8195,51.946,6.1,61.034,5.2,0.585517846
700,28,69.608,6.3,335.22,57.462,5.8338,52.252,6.1,60.848,5.3,0.584505538
700,27,69.85,6.3,336.88,57.75,5.8333,52.556,6.1,61.57,5.2,0.582423077
700,26,70.092,6.3,338.52,57.978,5.8387,53.006,6.1,61.356,5.3,0.580774462
700,25,70.338,6.3,340.16,58.324,5.8324,53.168,6.1,62.104,5.2,0.578272615
700,24,70.578,6.3,341.8,58.464,5.8465,53.474,6.1,61.928,5.3,0.577260308
700,23,70.816,6.3,343.46,58.694,5.8518,53.684,6.1,62.166,5.3,0.575597231
700,22,71.058,6.3,345.12,59.04,5.8455,54.084,6.1,62.466,5.3,0.573095385
700,21,71.3,6.3,346.76,59.326,5.845,54.39,6.1,62.736,5.3,0.571027385
700,20,71.542,6.3,348.42,59.468,5.8589,49.678,6.2,63.006,5.3,0.570000615
650,50,63.884,5.85,275.94,51.736,5.3336,47.128,5.6,55.122,4.8,0.625908923
650,49,64.134,5.85,277.44,52.01,5.3344,47.414,5.6,55.384,4.8,0.623927692
650,48,64.374,5.85,278.96,52.286,5.3352,47.7,5.6,55.648,4.8,0.621932
650,47,64.624,5.85,280.46,52.56,5.3361,47.986,5.6,55.912,4.8,0.619950769
650,46,64.864,5.85,281.98,52.648,5.3559,48.272,5.6,56.146,4.8,0.619314462
650,45,65.11,5.85,283.5,52.978,5.3513,48.558,5.6,56.438,4.8,0.616928308
650,44,65.354,5.85,285.02,53.2,5.3575,48.968,5.6,56.744,4.8,0.615323077
650,43,65.604,5.85,286.52,53.394,5.3663,49.13,5.6,56.964,4.8,0.613920308
650,42,65.846,5.85,288.04,53.67,5.367,49.418,5.6,57.228,4.8,0.611924615
650,41,66.092,5.85,289.58,53.946,5.3678,49.704,5.6,57.562,4.8,0.609928923
650,40,66.334,5.85,291.1,54.222,5.3685,49.99,5.6,57.826,4.8,0.607933231
650,39,66.582,5.85,292.62,54.498,5.3692,50.276,5.6,58.088,4.8,0.605937538
650,38,66.822,5.85,294.14,54.774,5.3699,50.562,5.6,58.352,4.8,0.603941846
650,37,67.066,5.85,295.66,55.05,5.3707,50.848,5.6,58.614,4.8,0.601946154
650,36,67.316,5.85,297.18,55.192,5.3845,47.984,5.7,58.878,4.8,0.600919385
650,35,67.554,5.85,298.7,55.468,5.3852,48.274,5.7,59.142,4.8,0.598923692
650,34,67.798,5.85,300.24,55.744,5.3859,48.564,5.7,59.404,4.8,0.596928
650,33,68.042,5.85,301.76,56.02,5.3866,48.854,5.7,59.734,4.8,0.594932308
650,32,68.286,5.85,303.28,56.162,5.4002,49.144,5.7,59.498,4.9,0.593905538
650,31,68.53,5.85,304.82,56.52,5.3931,49.58,5.7,59.786,4.9,0.591316923
650,30,68.774,5.85,306.36,56.716,5.4015,49.726,5.7,60.036,4.9,0.589899692
650,29,69.022,5.85,307.88,56.992,5.4021,50.016,5.7,60.3,4.9,0.587904
650,28,69.26,5.85,309.4,57.134,5.4155,50.306,5.7,60.566,4.9,0.586877231
650,27,69.504,5.85,310.94,57.546,5.4033,50.596,5.7,60.83,4.9,0.583898154
650,26,69.746,5.85,312.48,57.688,5.4167,50.886,5.7,61.094,4.9,0.582871385
650,25,69.99,5.85,314,57.964,5.4173,51.418,5.7,61.36,4.9,0.580875692
650,24,70.236,5.85,315.54,58.242,5.4179,51.708,5.7,61.624,4.9,0.578865538
650,23,70.476,5.85,317.08,58.384,5.431,51.998,5.7,61.96,4.9,0.577838769
650,22,70.718,5.85,318.62,58.66,5.4316,52.288,5.7,62.226,4.9,0.575843077
650,21,70.96,5.85,320.16,59.074,5.4196,52.578,5.7,62.49,4.9,0.572849538
650,20,71.202,5.85,321.7,59.216,5.4326,52.87,5.7,62.754,4.9,0.571822769
600,50,63.486,5.4,252.74,51.392,4.9178,45.646,5.2,54.84,4.4,0.628396308
600,49,63.728,5.4,254.14,51.534,4.9314,45.918,5.2,55.098,4.4,0.627369538
600,48,63.974,5.4,255.54,51.922,4.9215,46.188,5.2,55.356,4.4,0.624564
600,47,64.22,5.4,256.94,52.138,4.928,46.458,5.2,55.654,4.4,0.623002154
600,46,64.472,5.4,258.34,52.404,4.9298,46.854,5.2,55.912,4.4,0.621078769
600,45,64.718,5.4,259.74,52.718,4.9269,47.206,5.2,56.196,4.4,0.618808308
600,44,64.964,5.4,261.14,52.984,4.9287,47.478,5.2,56.456,4.4,0.616884923
600,43,65.206,5.4,262.54,53.126,4.942,47.748,5.2,56.714,4.4,0.615858154
600,42,65.452,5.4,263.96,53.392,4.9437,48.02,5.2,57.036,4.4,0.613934769
600,41,65.698,5.4,265.36,53.658,4.9454,48.29,5.2,56.76,4.5,0.612011385
600,40,65.944,5.4,266.76,53.924,4.9471,48.562,5.2,57.02,4.5,0.610088
600,39,66.188,5.4,268.18,54.066,4.9602,49.036,5.2,57.28,4.5,0.609061231
600,38,66.434,5.4,269.58,54.332,4.9619,49.306,5.2,57.54,4.5,0.607137846
600,37,66.684,5.4,271,54.598,4.9635,49.578,5.2,57.868,4.5,0.605214462
600,36,66.926,5.4,272.42,54.864,4.9652,49.848,5.2,58.128,4.5,0.603291077
600,35,67.17,5.4,273.82,55.132,4.9668,50.12,5.2,58.388,4.5,0.601353231
600,34,67.416,5.4,275.24,55.274,4.9796,50.392,5.2,58.648,4.5,0.600326462
600,33,67.66,5.4,276.66,55.54,4.9811,50.862,5.2,58.908,4.5,0.598403077
600,32,67.906,5.4,278.06,55.806,4.9827,51.134,5.2,59.234,4.5,0.596479692
600,31,68.15,5.4,279.48,56.074,4.9843,51.406,5.2,59.494,4.5,0.594541846
600,30,68.396,5.4,280.9,56.34,4.9859,51.676,5.2,59.754,4.5,0.592618462
600,29,68.64,5.4,282.32,56.608,4.9874,51.948,5.2,60.014,4.5,0.590680615
600,28,68.884,5.4,283.74,56.874,4.989,52.22,5.2,60.274,4.5,0.588757231
600,27,69.13,5.4,285.16,57.142,4.9905,52.492,5.2,60.6,4.5,0.586819385
600,26,69.374,5.4,286.58,57.408,4.992,52.96,5.2,60.86,4.5,0.584896
600,25,69.618,5.4,288,57.676,4.9935,53.232,5.2,61.118,4.5,0.582958154
600,24,69.862,5.4,289.44,57.818,5.0059,48.406,5.3,61.378,4.5,0.581931385
600,23,70.106,5.4,290.86,58.086,5.0073,48.678,5.3,61.638,4.5,0.579993538
600,22,70.35,5.4,292.28,58.352,5.0088,48.95,5.3,61.962,4.5,0.578070154
600,21,70.594,5.4,293.7,58.62,5.0103,49.466,5.3,62.222,4.5,0.576132308
600,20,70.838,5.4,295.12,58.888,5.0117,49.738,5.3,62.456,4.5,0.574194462
550,50,63.044,4.95,229.7,50.948,4.5087,47.012,4.7,53.936,4.1,0.631606769
550,49,63.292,4.95,231,51.204,4.5113,47.436,4.7,54.256,4.1,0.629755692
550,48,63.54,4.95,232.28,51.414,4.5179,47.69,4.7,54.484,4.1,0.628237231
550,47,63.786,4.95,233.58,51.714,4.5166,47.946,4.7,54.764,4.1,0.626068
550,46,64.034,4.95,234.86,51.97,4.5192,48.2,4.7,55.084,4.1,0.624216923
550,45,64.282,4.95,236.16,52.226,4.5217,48.622,4.7,55.338,4.1,0.622365846
550,44,64.53,4.95,237.44,52.55,4.5184,48.878,4.7,55.632,4.1,0.620023077
550,43,64.778,4.95,238.74,52.806,4.521,49.132,4.7,55.886,4.1,0.618172
550,42,65.024,4.95,240.04,52.994,4.5294,46.058,4.8,56.166,4.1,0.616812615
550,41,65.272,4.95,241.32,53.25,4.5319,46.312,4.8,56.42,4.1,0.614961538
550,40,65.518,4.95,242.62,53.506,4.5344,46.766,4.8,56.738,4.1,0.613110462
550,39,65.766,4.95,243.92,53.762,4.5369,47.02,4.8,56.994,4.1,0.611259385
550,38,66.014,4.95,245.22,53.906,4.549,47.274,4.8,57.248,4.1,0.610218154
550,37,66.26,4.95,246.52,54.276,4.5419,47.526,4.8,57.564,4.1,0.607542769
550,36,66.51,4.95,247.8,54.532,4.5443,47.98,4.8,57.82,4.1,0.605691692
550,35,66.754,4.95,249.12,54.788,4.5468,48.234,4.8,58.074,4.1,0.603840615
550,34,67,4.95,250.42,55.046,4.5492,48.488,4.8,58.39,4.1,0.601975077
550,33,67.246,4.95,251.72,55.302,4.5516,48.742,4.8,58.646,4.1,0.600124
550,32,67.492,4.95,253.02,55.446,4.5634,49.194,4.8,58.9,4.1,0.599082769
550,31,67.74,4.95,254.32,55.702,4.5658,49.448,4.8,59.216,4.1,0.597231692
550,30,67.984,4.95,255.64,55.96,4.5681,49.702,4.8,59.47,4.1,0.595366154
550,29,68.232,4.95,256.92,56.216,4.5704,50.154,4.8,59.724,4.1,0.593515077
550,28,68.478,4.95,258.24,56.474,4.5727,50.408,4.8,60.04,4.1,0.591649538
550,27,68.722,4.95,259.54,56.73,4.575,50.664,4.8,60.294,4.1,0.589798462
550,26,68.968,4.95,260.86,56.988,4.5773,50.918,4.8,60.548,4.1,0.587932923
550,25,69.214,4.95,262.16,57.246,4.5796,51.368,4.8,60.862,4.1,0.586067385
550,24,69.46,4.95,263.46,57.456,4.5855,51.622,4.8,61.094,4.1,0.584548923
550,23,69.704,4.95,264.78,57.76,4.5841,51.878,4.8,61.372,4.1,0.582350769
550,22,69.95,4.95,266.1,58.018,4.5864,52.132,4.8,61.684,4.1,0.580485231
550,21,70.198,4.95,267.4,58.276,4.5886,52.582,4.8,61.94,4.1,0.578619692
550,20,70.442,4.95,268.72,58.534,4.5908,52.836,4.8,62.196,4.1,0.576754154
500,50,62.566,4.5,206.86,50.546,4.0927,45.642,4.3,53.612,3.7,0.634513538
500,49,62.812,4.5,208.04,50.792,4.0961,45.88,4.3,53.92,3.7,0.632734769
500,48,63.064,4.5,209.22,51.036,4.0994,46.282,4.3,54.168,3.7,0.630970462
500,47,63.312,4.5,210.4,51.18,4.1108,46.52,4.3,54.476,3.7,0.629929231
500,46,63.562,4.5,211.56,51.528,4.1059,46.758,4.3,54.726,3.7,0.627412923
500,45,63.812,4.5,212.76,51.776,4.1091,47.16,4.3,55.032,3.7,0.625619692
500,44,64.058,4.5,213.94,52.022,4.1124,47.398,4.3,55.282,3.7,0.623840923
500,43,64.31,4.5,215.12,52.268,4.1156,47.8,4.3,55.588,3.7,0.622062154
500,42,64.556,4.5,216.28,52.514,4.1187,48.038,4.3,55.838,3.7,0.620283385
500,41,64.808,4.5,217.48,52.76,4.1219,48.278,4.3,56.144,3.7,0.618504615
500,40,65.054,4.5,218.66,53.11,4.117,48.678,4.3,56.394,3.7,0.615973846
500,39,65.304,4.5,219.84,53.316,4.1234,48.916,4.3,56.676,3.7,0.614484308
500,38,65.55,4.5,221.02,53.604,4.1233,49.316,4.3,56.948,3.7,0.612401846
500,37,65.8,4.5,222.2,53.746,4.1344,49.556,4.3,57.254,3.7,0.611375077
500,36,66.048,4.5,223.4,53.994,4.1374,49.796,4.3,57.504,3.7,0.609581846
500,35,66.3,4.5,224.58,54.406,4.1279,50.194,4.3,57.786,3.7,0.606602769
500,34,66.544,4.5,225.78,54.488,4.1435,45.164,4.4,58.058,3.7,0.606009846
500,33,66.792,4.5,226.96,54.838,4.1387,50.674,4.3,58.308,3.7,0.603479077
500,32,67.04,4.5,228.14,54.982,4.1495,45.828,4.4,58.612,3.7,0.602437846
500,31,67.286,4.5,229.34,55.332,4.1447,46.26,4.4,58.862,3.7,0.599907077
500,30,67.534,4.5,230.52,55.58,4.1477,46.492,4.4,59.166,3.7,0.598113846
500,29,67.786,4.5,231.72,55.826,4.1507,46.724,4.4,59.416,3.7,0.596335077
500,28,68.03,4.5,232.9,56.074,4.1536,47.156,4.4,59.72,3.7,0.594541846
500,27,68.276,4.5,234.1,56.322,4.1566,47.388,4.4,59.97,3.7,0.592748615
500,26,68.524,4.5,235.3,56.57,4.1595,47.82,4.4,60.272,3.7,0.590955385
500,25,68.77,4.5,236.5,56.92,4.1548,48.052,4.4,60.524,3.7,0.588424615
500,24,69.022,4.5,237.68,57.064,4.1653,48.484,4.4,60.826,3.7,0.587383385
500,23,69.264,4.5,238.88,57.416,4.1606,48.716,4.4,61.076,3.7,0.584838154
500,22,69.514,4.5,240.08,57.56,4.171,48.948,4.4,60.724,3.8,0.583796923
500,21,69.76,4.5,241.28,57.808,4.1738,49.38,4.4,60.974,3.8,0.582003692
500,20,70.004,4.5,242.48,58.056,4.1766,49.612,4.4,61.284,3.8,0.580210462
